{"Black Percentage": -57.568868126640865, "Funding": 1.0556293935566532, "Hispanic Percentage": -59.356637687415741, "Asian Percentage": -15.724239190113082, "Female Percentage": 45.265983310905895, "Intercept": 684.02262576786768, "Average Number of Crimes": 0.16465291673624485, "White Percentage": -15.788583442823807, "Average Class Size": 0.17943867280130787}