{"Black Percentage": 0.086826426850195482, "Funding": -0.1241627649439474, "Hispanic Percentage": 0.33036657917230405, "Asian Percentage": 0.24961031672858747, "Female Percentage": 0.51539747960075777, "Intercept": 8.9058269965407995, "Average Number of Crimes": 0.0057971461088749329, "White Percentage": 0.51172241198917523, "Average Class Size": 0.017688213986780176}